comments,cleaned_comments,segmented_comments,filtered_comments
特朗普说自己的国家是控制疫情最好的国家。 刚开始我觉得好笑，顿了一下，我泪目了,特朗普说自己的国家是控制疫情最好的国家 刚开始我觉得好笑顿了一下我泪目了,特朗普 说 自己 的 国家 是 控制 疫情 最好 的 国家   刚 开始 我 觉得 好笑 顿 了 一下 我泪目 了,特朗普 说 国家 控制 疫情 国家 刚 好笑 顿 我泪目
人家讲真话的时候你们还笑话他[doge],人家讲真话的时候你们还笑话他doge,人家 讲 真话 的 时候 你们 还 笑话 他 doge,讲 真话 笑话 doge
建国说的可是“自己的”国家啊[大哭],建国说的可是自己的国家啊大哭,建国 说 的 可是 自己 的 国家 啊 大哭,建国 说 国家 大哭
哎，远方的游子啊[大哭][doge],哎远方的游子啊大哭doge,哎 远方 的 游子 啊 大哭 doge,远方 游子 大哭 doge
洋装虽然穿在身[滑稽],洋装虽然穿在身滑稽,洋装 虽然 穿 在 身 滑稽,洋装 穿 身 滑稽
美相缠身，心系祖国！,美相缠身心系祖国,美相 缠身 心系 祖国,美相 缠身 心系 祖国
事实上朝鲜也控制的很好[笑哭],事实上朝鲜也控制的很好笑哭,事实上 朝鲜 也 控制 的 很 好笑 哭,事实上 朝鲜 控制 好笑 哭
身在曹营心在汉[喜极而泣],身在曹营心在汉喜极而泣,身在曹营心在汉 喜极而泣,身在曹营心在汉 喜极而泣
这点儿小失败不算什么，看我建国同志4年后卷土重来[偷笑],这点儿小失败不算什么看我建国同志4年后卷土重来偷笑,这点儿 小 失败 不算什么 看 我 建国 同志 4 年 后 卷土重来 偷笑,这点儿 失败 不算什么 建国 同志 年 卷土重来 偷笑
回复 @真的很强 :我心依然是中国心[滑稽],回复 真的很强 我心依然是中国心滑稽,回复   真的 很强   我心 依然 是 中国 心 滑稽,回复 真的 很强 我心 依然 中国 心 滑稽
他还没有说哪个是他的祖国[doge],他还没有说哪个是他的祖国doge,他 还 没有 说 哪个 是 他 的 祖国 doge,说 祖国 doge
人家没说谎，你看你们玩梗把人家暴露了,人家没说谎你看你们玩梗把人家暴露了,人家 没 说谎 你 看 你们 玩 梗 把 人家 暴露 了,没 说谎 玩 梗 暴露
有多少真心话，以玩笑的方式说了出来[大哭],有多少真心话以玩笑的方式说了出来大哭,有 多少 真心话 以 玩笑 的 方式 说 了 出来 大哭,真心话 玩笑 方式 说 大哭
建国还在坚持，你们怎么就开始打退堂鼓了？？？你们这是什么行为？？？[doge][doge][doge],建国还在坚持你们怎么就开始打退堂鼓了你们这是什么行为dogedogedoge,建国 还 在 坚持 你们 怎么 就 开始 打退堂鼓 了 你们 这是 什么 行为 dogedogedoge,建国 打退堂鼓 这是 dogedogedoge
陛下正欲死战，尔等何故先降[热词系列_battle],陛下正欲死战尔等何故先降热词系列batle,陛下 正欲 死战 尔 等 何故 先 降热 词 系列 batle,陛下 正欲 死战 何故 先 降热 词 系列 batle
回复 @模拟原型机 :书店，无书，烧之[滑稽],回复 模拟原型机 书店无书烧之滑稽,回复   模拟 原型机   书店 无书烧 之 滑稽,回复 模拟 原型机 书店 无书烧 滑稽
别尬黑，我川宝还能翻[doge],别尬黑我川宝还能翻doge,别尬 黑 我川宝 还 能 翻 doge,别尬 黑 我川宝 翻 doge
奶一口川建国,奶一口川建国,奶 一口 川 建国,奶 一口 川 建国
懂王：你赢了大选和我当总统有什么关系[热词系列_锤],懂王你赢了大选和我当总统有什么关系热词系列锤,懂王 你 赢 了 大选 和 我 当 总统 有 什么 关系 热词 系列 锤,懂王 赢 大选 总统 关系 热词 系列 锤
🙌没有人 👐比我 ☝更懂 👌当总统[doge],没有人 比我 更懂 当总统doge,没有 人   比 我   更 懂   当 总统 doge,更 懂 总统 doge
海外忽传拜局定，初闻涕泪满衣裳。  却看川普愁何在，收拾行李喜欲狂。  白日放歌须纵酒，古来稀年好还乡。  即从太平穿东海，便走上海向京都。,海外忽传拜局定初闻涕泪满衣裳 却看川普愁何在收拾行李喜欲狂 白日放歌须纵酒古来稀年好还乡 即从太平穿东海便走上海向京都,海外 忽传 拜 局定 初闻 涕泪 满 衣裳   却 看川 普愁 何在 收拾 行李 喜欲狂   白日 放歌 须 纵酒 古来稀 年 好 还乡   即 从 太平 穿 东海 便 走 上海 向 京都,海外 忽传 拜 局定 初闻 涕泪 满 衣裳 看川 普愁 何在 收拾 行李 喜欲狂 白日 放歌 须 纵酒 古来稀 年 还乡 太平 穿 东海 便 走 上海 京都
《闻川普输美国大选》,闻川普输美国大选,闻川 普输 美国 大选,闻川 普输 美国 大选
杜甫:这我熟,杜甫这我熟,杜甫 这 我 熟,杜甫 熟
沈逸老师视频里说，只要有一个被川普查出来票有问题，川普就能把所有州的都翻了。川宝加油，把漂亮国搞乱[OK]1宪1政1危1机1,沈逸老师视频里说只要有一个被川普查出来票有问题川普就能把所有州的都翻了川宝加油把漂亮国搞乱OK1宪1政1危1机1,沈逸 老师 视频 里 说 只要 有 一个 被川 普查 出来 票有 问题 川普 就 能 把 所有 州 的 都 翻 了 川宝 加油 把 漂亮 国 搞乱 OK1 宪 1 政 1 危 1 机 1,沈逸 老师 视频 里 说 被川 普查 票有 川普 州 翻 川宝 加油 漂亮 国 搞乱 OK1 宪 政 危 机
回复 @余生Charles :问题是其他人没川普这么能搞,回复 余生Charles 问题是其他人没川普这么能搞,回复   余生 Charles   问题 是 其他人 没川普 这么 能 搞,回复 余生 Charles 其他人 没川普 搞
回复 @不做人了的莱肯 :特朗普能搞是因为他穷途末路，别无选择。 新闻无视他言论，推特发一条和谐一条。 共和党都要跟他划清界限了。 他已经是个弃子了。,回复 不做人了的莱肯 特朗普能搞是因为他穷途末路别无选择 新闻无视他言论推特发一条和谐一条 共和党都要跟他划清界限了 他已经是个弃子了,回复   不 做人 了 的 莱肯   特朗普 能 搞 是因为 他 穷途末路 别无选择   新闻 无视 他 言论 推 特发 一条 和谐 一条   共和党 都 要 跟 他 划清界限 了   他 已经 是 个 弃子 了,回复 做人 莱肯 特朗普 搞 是因为 穷途末路 别无选择 新闻 无视 言论 推 特发 一条 和谐 一条 共和党 划清界限 弃子
只要能拖延到11月，就存在可能，要知道选举人票还要再由真人再投一次，还有大法官也是建国同志任命的[OK],只要能拖延到1月就存在可能要知道选举人票还要再由真人再投一次还有大法官也是建国同志任命的OK,只要 能 拖延 到 1 月 就 存在 可能 要 知道 选举人 票 还要 再 由 真人 再 投 一次 还有 大法官 也 是 建国 同志 任命 的 OK,拖延 月 选举人 票 真人 投 大法官 建国 同志 任命 OK
回复 @余生Charles :共和党敢和川普划清界限，川普就敢带着6900万选民成立新党,回复 余生Charles 共和党敢和川普划清界限川普就敢带着690万选民成立新党,回复   余生 Charles   共和党 敢 和 川普 划清界限 川普 就 敢 带 着 690 万 选民 成立 新党,回复 余生 Charles 共和党 敢 川普 划清界限 川普 敢 带 690 万 选民 成立 新党
如果共和党全力支持特朗普，对抗拜登和民主党，即使是现在这个情况依旧能翻盘。只可惜共和党老早就开始和川普划清界限了，大选基本上就是川普一个人的奋战。川普现在已经墙倒众人推了，他说的话即使在理，也不一定会有人执行,如果共和党全力支持特朗普对抗拜登和民主党即使是现在这个情况依旧能翻盘只可惜共和党老早就开始和川普划清界限了大选基本上就是川普一个人的奋战川普现在已经墙倒众人推了他说的话即使在理也不一定会有人执行,如果 共和党 全力支持 特朗普 对抗 拜登 和 民主党 即使 是 现在 这个 情况 依旧 能 翻盘 只 可惜 共和党 老 早就 开始 和川普 划清界限 了 大选 基本上 就是 川普 一个 人 的 奋战 川普 现在 已经 墙倒众人推 了 他 说 的话 即使 在理 也 不 一定 会 有人 执行,共和党 全力支持 特朗普 对抗 拜登 民主党 情况 依旧 翻盘 可惜 共和党 老 早就 和川普 划清界限 大选 川普 奋战 川普 墙倒众人推 说 在理 有人 执行
回复 @余生Charles :特朗普能搞不是什么穷途末路，是他的支持者有大量死忠，为什么川普做了那么多不合理的事，还有那么多人支持他？因为美国的农民和右翼是真的把他当救世主，特朗普是美国近几任总统里，政治承诺兑现最多的，他让美国右翼和土生土长的美国人再一次感觉的国家是一个整体，而不是天天尊重女权，黑人平等给这些独立群体摇旗呐喊，说白了，他们同样受够了尼玛一堆特权群体，川普那种不讲道理，啥话都敢说的做法，让一大堆美国人无比亲切，这次如果没有黑手，理论上川普绝对要更有优势，乔治亚翻蓝就挺离谱的，还有凌晨4点的阴兵，等一个极右勤王,回复 余生Charles 特朗普能搞不是什么穷途末路是他的支持者有大量死忠为什么川普做了那么多不合理的事还有那么多人支持他因为美国的农民和右翼是真的把他当救世主特朗普是美国近几任总统里政治承诺兑现最多的他让美国右翼和土生土长的美国人再一次感觉的国家是一个整体而不是天尊重女权黑人平等给这些独立群体摇旗呐喊说白了他们同样受够了尼玛一堆特权群体川普那种不讲道理啥话都敢说的做法让一大堆美国人无比亲切这次如果没有黑手理论上川普绝对要更有优势乔治亚翻蓝就挺离谱的还有凌晨4点的阴兵等一个极右勤王,回复   余生 Charles   特朗普 能 搞 不是 什么 穷途末路 是 他 的 支持者 有 大量 死忠 为什么 川普 做 了 那么 多 不合理 的 事 还有 那么 多人 支持 他 因为 美国 的 农民 和 右翼 是 真的 把 他 当 救世主 特朗普 是 美国 近 几任 总统 里 政治 承诺 兑现 最多 的 他 让 美国 右翼 和 土生土长 的 美国 人 再 一次 感觉 的 国家 是 一个 整体 而 不是 天 尊重 女权 黑人 平等 给 这些 独立 群体 摇旗呐喊 说白了 他们 同样 受够了 尼玛 一堆 特权 群体 川普 那种 不讲道理 啥 话 都 敢 说 的 做法 让 一大堆 美国 人 无比 亲切 这次 如果 没有 黑手 理论 上川普 绝对 要 更 有 优势 乔治亚 翻蓝 就 挺 离谱 的 还有 凌晨 4 点 的 阴兵 等 一个 极右 勤王,回复 余生 Charles 特朗普 搞 穷途末路 支持者 死忠 川普 做 不合理 事 多人 支持 美国 农民 右翼 真的 救世主 特朗普 美国 近 几任 总统 里 政治 承诺 兑现 最多 美国 右翼 土生土长 美国 感觉 国家 整体 天 尊重 女权 黑人 平等 独立 群体 摇旗呐喊 说白了 受够了 尼玛 一堆 特权 群体 川普 那种 不讲道理 话 敢 说 做法 一大堆 美国 无比 亲切 黑手 理论 上川普 更 优势 乔治亚 翻蓝 挺 离谱 凌晨 点 阴兵 极右 勤王
回复 @余生Charles :你难道以为没有？建议去翻油管或者问住美国的朋友，川普在农民和极右里的死忠多了去了，人家就不觉得川普疫情哪儿做错了，无非是去见上帝，得病死人人家觉得合理，川普给了他们实打实的利益，而极右更是早他么白人主义憋久了，3K党带头封路威胁州长，绑票，你以为人真做不出来？别拿你东方思维去打量西方，人皿煮自由，不支持拜登就是要闹事，只要被川普找到一个计票问题，有证据，那他就可以拖着要求重新计票，媒体走起推特封他那是肯定的，为啥拜登这么多人造势，因为那些个明星和精英，他们赚钱的一个大旗就是“民主”“平等”，川普让他们赚少了，当然带头反对，这些人压根不是支持拜登，纯粹反对川普，说白了，这会儿别说是拜登，就算一头猪去竞选，他们也要投猪，反正不投川普，这就是自由的选举[2233娘_大笑],回复 余生Charles 你难道以为没有建议去翻油管或者问住美国的朋友川普在农民和极右里的死忠多了去了人家就不觉得川普疫情哪儿做错了无非是去见上帝得病死人家觉得合理川普给了他们实打实的利益而极右更是早他么白人主义憋久了3K党带头封路威胁州长绑票你以为人真做不出来别拿你东方思维去打量西方人皿煮自由不支持拜登就是要闹事只要被川普找到一个计票问题有证据那他就可以拖着要求重新计票媒体走起推特封他那是肯定的为啥拜登这么多人造势因为那些个明星和精英他们赚钱的一个大旗就是民主平等川普让他们赚少了当然带头反对这些人压根不是支持拜登纯粹反对川普说白了这会儿别说是拜登就算一头猪去竞选他们也要投猪反正不投川普这就是自由的选举23娘大笑,回复   余生 Charles   你 难道 以为 没有 建议 去 翻 油管 或者 问 住 美国 的 朋友 川普 在 农民 和 极右 里 的 死忠 多 了 去 了 人家 就 不 觉得 川普 疫情 哪儿 做错 了 无非 是 去 见上帝 得 病死 人家 觉得 合理 川普 给 了 他们 实打实 的 利益 而 极右 更是 早 他 么 白人 主义 憋 久 了 3 K党 带头 封路 威胁 州长 绑票 你 以为 人真 做 不 出来 别 拿 你 东方 思维 去 打量 西方人 皿 煮 自由 不 支持 拜登 就是 要 闹事 只要 被川普 找到 一个 计票 问题 有 证据 那 他 就 可以 拖 着 要求 重新 计票 媒体 走起 推特封 他 那 是 肯定 的 为啥 拜登 这么 多人 造势 因为 那些 个 明星 和 精英 他们 赚钱 的 一个 大旗 就是 民主 平等 川普 让 他们 赚少 了 当然 带头 反对 这些 人 压根 不是 支持 拜登 纯粹 反对 川普 说白了 这会儿 别说 是 拜登 就算 一头 猪 去 竞选 他们 也 要 投猪 反正 不 投川普 这 就是 自由 的 选举 23 娘 大笑,回复 余生 Charles 建议 翻 油管 问 住 美国 朋友 川普 农民 极右 里 死忠 川普 疫情 做错 无非 见上帝 病死 川普 实打实 利益 极右 更是 早 白人 主义 憋 久 K党 带头 封路 威胁 州长 绑票 人真 做 东方 思维 打量 西方人 皿 煮 自由 支持 拜登 闹事 被川普 找到 计票 证据 拖 计票 媒体 走起 推特封 肯定 为啥 拜登 多人 造势 明星 精英 赚钱 大旗 民主 平等 川普 赚少 带头 反对 压根 支持 拜登 反对 川普 说白了 拜登 一头 猪 竞选 投猪 反正 投川普 自由 选举 23 娘 大笑
支持留学生日报[呲牙]  川宝上一次获胜靠的是农村包围城市[微笑]。  靠赢得了广大底层美国人民的支持而胜利。  我建议这次可以走到武装夺取郑权这一步嘛[歪嘴]。  可以依靠3K党与民兵之类的“人民武装”来保卫华盛顿，保卫最高统帅[呲牙]  我看行[OK],支持留学生日报呲牙 川宝上一次获胜靠的是农村包围城市微笑 靠赢得了广大底层美国人民的支持而胜利 我建议这次可以走到武装夺取郑权这一步嘛歪嘴 可以依靠3K党与民兵之类的人民武装来保卫华盛顿保卫最高统帅呲牙 我看行OK,支持 留学生 日报 呲 牙   川宝 上 一次 获胜 靠 的 是 农村 包围 城市 微笑   靠 赢得 了 广大 底层 美国 人民 的 支持 而 胜利   我 建议 这次 可以 走 到 武装 夺取 郑权 这 一步 嘛 歪嘴   可以 依靠 3 K党 与 民兵 之类 的 人民武装 来 保卫 华盛顿 保卫 最高 统帅 呲 牙   我 看行 OK,支持 留学生 日报 呲 牙 川宝 获胜 农村 包围 城市 微笑 赢得 底层 美国 人民 支持 胜利 建议 走 武装 夺取 郑权 一步 歪嘴 K党 民兵 人民武装 保卫 华盛顿 保卫 统帅 呲 牙 看行 OK
集结大兵渡过密西西比河翻越阿巴拉契亚山直取拜登项上人头[doge],集结大兵渡过密西比河翻越阿巴拉契亚山直取拜登项上人头doge,集结 大兵 渡过 密西 比河 翻越 阿巴拉契亚 山 直取 拜登 项上 人头 doge,集结 大兵 渡过 密西 比河 翻越 阿巴拉契亚 山 直取 拜登 项上 人头 doge
既然已经实现农村包围城市，就继续实践下一句话么，哈哈哈,既然已经实现农村包围城市就继续实践下一句话么哈,既然 已经 实现 农村 包围 城市 就 继续 实践 下 一句 话 么 哈,农村 包围 城市 实践 一句 话
百万人民军强渡密西西比河[doge],百万人民军强渡密西比河doge,百万 人民军 强渡 密西 比河 doge,百万 人民军 强渡 密西 比河 doge
我很担心特朗普不服，复查投票，上诉最高院，拜登却潇洒登台，proud boys打砸抢，红蓝两派彻底撕破脸，全面内战，伟大的美国被迫分裂成两个国家……  最终导致中国男足男篮世界排名下降一位[大哭],我很担心特朗普不服复查投票上诉最高院拜登却潇洒登台proud boys打砸抢红蓝两派彻底撕破脸全面内战伟大的美国被迫分裂成两个国家 最终导致中国男足男篮世界排名下降一位大哭,我 很 担心 特朗普 不服 复查 投票 上诉 最高院 拜登 却 潇洒 登台 proud   boys 打砸抢 红蓝 两派 彻底 撕破脸 全面 内战 伟大 的 美国 被迫 分裂 成 两个 国家   最终 导致 中国男足 男篮 世界排名 下降 一位 大哭,担心 特朗普 不服 复查 投票 上诉 最高院 拜登 潇洒 登台 proud boys 打砸抢 红蓝 两派 撕破脸 内战 美国 被迫 分裂 成 两个 国家 最终 导致 中国男足 男篮 世界排名 下降 一位 大哭
下降五十多名才好呢,下降五十多名才好呢,下降 五十多名 才 好 呢,下降 五十多名
回复 @禅野 :卧槽不愧是五级号,回复 禅野 卧槽不愧是五级号,回复   禅野   卧槽 不愧 是 五级 号,回复 禅野 卧槽 不愧 五级 号
回复 @禅野 :真就看热闹不嫌事大呗[妙啊][妙啊],回复 禅野 真就看热闹不嫌事大呗妙啊妙啊,回复   禅野   真 就 看热闹 不嫌 事大 呗 妙 啊 妙 啊,回复 禅野 真 看热闹 不嫌 事大 妙 妙
回复 @禅野 :不至于不至于[歪嘴][歪嘴],回复 禅野 不至于不至于歪嘴歪嘴,回复   禅野   不至于 不至于 歪嘴 歪嘴,回复 禅野 歪嘴 歪嘴
别担心，国足打不进世界赛[doge],别担心国足打不进世界赛doge,别 担心 国足 打不进 世界 赛 doge,担心 国足 打不进 世界 赛 doge
看我川宝绝地反杀[doge],看我川宝绝地反杀doge,看 我川宝 绝地 反杀 doge,我川宝 绝地 反杀 doge
手握推特治国家，世间无我这般人。 ——川普,手握推特治国家世间无我这般人 川普,手握 推特治 国家 世间 无 我 这般 人   川普,手握 推特治 国家 世间 川普
墙倒众人推，推特准备给他封号了,墙倒众人推特准备给他封号了,墙倒众人推 特 准备 给 他 封号 了,墙倒众人推 特 封号
回复 @哔哔哔盗圣 :这什么众人推，明明遭到资本家的集体绞杀,回复 哔盗圣 这什么众人推明遭到资本家的集体绞杀,回复   哔盗 圣   这 什么 众人 推明 遭到 资本家 的 集体 绞杀,回复 哔盗 圣 众人 推明 资本家 集体 绞杀
给我收回去！川皇没有败！刚才演到枪在手，你跟我发演员表？,给我收回去川皇没有败刚才演到枪在手你跟我发演员表,给 我 收回 去川皇 没有 败 刚才 演到 枪 在手 你 跟 我发 演员表,收回 去川皇 败 演到 枪 在手 我发 演员表
枪在手，跟我走。杀拜登，抢白楼！[OK],枪在手跟我走杀拜登抢白楼OK,枪 在手 跟我走 杀 拜登 抢白 楼 OK,枪 在手 跟我走 杀 拜登 抢白 楼 OK
这个视频是不是准备很久了[doge],这个视频是不是准备很久了doge,这个 视频 是不是 准备 很久 了 doge,视频 很久 doge
也许做了两版本[doge],也许做了两版本doge,也许 做 了 两 版本 doge,也许 做 两 版本 doge
假如你是李明 你的朋友唐纳德特朗普输掉了大选 请你写封信安慰他，字数120个左右。,假如你是李明 你的朋友唐纳德特朗普输掉了大选 请你写封信安慰他字数120个左右,假如 你 是 李明   你 的 朋友 唐纳德 特朗普 输掉 了 大选   请 你 写封信 安慰 他 字数 120 个 左右,李明 朋友 唐纳德 特朗普 输掉 大选 请 写封信 安慰 字数 120
尊敬的特朗普同志，党和人民向您致敬。您的光辉岁月为祖国和地球带来了和平，您的时代是我们在伟大的文明复兴和帝国主义衰落中取得进一步进步的契机。您的贡献将永垂不朽，您的名字将闪耀在任何一个愿意看到和平与进步时代的人的头上。中华人民共和国万岁，国际团结万岁。 中共中央政治局 中华人民共和国国务院 全世界无产阶级,尊敬的特朗普同志党和人民向您致敬您的光辉岁月为祖国和地球带来了和平您的时代是我们在伟大的文明复兴和帝国主义衰落中取得进一步进步的契机您的贡献将永垂不朽您的名字将闪耀在任何一个愿意看到和平与进步时代的人的头上中华人民共和国万岁国际团结万岁 中共中央政治局 中华人民共和国务院 全世界无产阶级,尊敬 的 特朗普 同志 党和人民 向 您 致敬 您 的 光辉 岁月 为 祖国 和 地球 带来 了 和平 您 的 时代 是 我们 在 伟大 的 文明 复兴 和 帝国主义 衰落 中 取得 进一步 进步 的 契机 您 的 贡献 将 永垂不朽 您 的 名字 将 闪耀 在 任何 一个 愿意 看到 和平 与 进步 时代 的 人 的 头上 中华人民共和国 万岁 国际 团结 万岁   中共中央政治局   中华人民共和国 务院   全世界 无产阶级,尊敬 特朗普 同志 党和人民 致敬 光辉 岁月 祖国 地球 带来 和平 时代 文明 复兴 帝国主义 衰落 中 进一步 契机 贡献 永垂不朽 名字 闪耀 和平 时代 头上 中华人民共和国 万岁 国际 团结 万岁 中共中央政治局 中华人民共和国 务院 全世界 无产阶级
川建国，不要放弃，想想130年前，格列佛克利夫兰在第二次大选中输给了本杰明哈里森，可是在第三次大选中，再次卷土重来，重新上任，成为美国历史上唯一两次上任的总统。但愿你也能创造这个奇迹,川建国不要放弃想130年前格列佛克利夫兰在第二次大选中输给了本杰明哈里森可是在第三次大选中再次卷土重来重新上任成为美国历史上唯一两次上任的总统但愿你也能创造这个奇迹,川 建国 不要 放弃 想 130 年前 格列佛 克利夫兰 在 第二次 大选 中 输给 了 本杰明 哈里森 可是 在 第三次 大选 中 再次 卷土重来 重新 上任 成为 美国 历史 上 唯一 两次 上任 的 总统 但愿 你 也 能 创造 这个 奇迹,川 建国 放弃 想 130 年前 格列佛 克利夫兰 第二次 大选 中 输给 本杰明 哈里森 第三次 大选 中 卷土重来 上任 美国 历史 唯一 两次 上任 总统 创造 奇迹
川普说想上总统山，大家都当看笑话，万一川普真的干翻了拜登，还真能上总统山,川普说想上总统山大家都当看笑话万一川普真的干翻了拜登还真能上总统山,川普说 想 上 总统 山 大家 都 当 看笑话 万一 川普 真的 干翻 了 拜登 还 真能 上 总统 山,川普说 想 总统 山 看笑话 川普 真的 干翻 拜登 真能 总统 山
据福克斯新闻刚刚消息，美国共和党总统候选人特朗普称，选举远没有结果，拜登正急于“假装”成赢家。 特朗普在声明中称，“我们都知道为什么乔·拜登正急于假装成赢家，为什么他的媒体盟友正努力帮助他：他们不希望真相被揭露出来。简单的事实就是，这场选举还远远没有结束。”,据福克斯新闻刚消息美国共和党总统候选人特朗普称选举远没有结果拜登正急于假装成赢家 特朗普在声明中称我们都知道为什么乔拜登正急于假装成赢家为什么他的媒体盟友正努力帮助他们不希望真相被揭露出来简单的事实就是这场选举还远没有结束,据 福克斯 新闻 刚 消息 美国共和党 总统 候选人 特朗普 称 选举 远 没有 结果 拜登 正 急于 假装 成 赢家   特朗普 在 声明 中称 我们 都 知道 为什么 乔 拜登 正 急于 假装 成 赢家 为什么 他 的 媒体 盟友 正 努力 帮助 他们 不 希望 真相 被 揭露 出来 简单 的 事实 就是 这场 选举 还远 没有 结束,福克斯 新闻 刚 消息 美国共和党 总统 候选人 特朗普 称 选举 远 拜登 正 急于 假装 成 赢家 特朗普 声明 中称 乔 拜登 正 急于 假装 成 赢家 媒体 盟友 正 努力 希望 真相 揭露 简单 事实 这场 选举 还远 结束
先插眼，赌一波建国翻盘[doge],先插眼赌一波建国翻盘doge,先 插眼 赌 一波 建国 翻盘 doge,先 插眼 赌 一波 建国 翻盘 doge
全红了，川宝绝地翻盘了，什么，我看的是美国疫情图，那没事了,全红了川宝绝地翻盘了什么我看的是美国疫情图那没事了,全红 了 川宝 绝地 翻盘 了 什么 我 看 的 是 美国 疫情 图 那 没事 了,全红 川宝 绝地 翻盘 美国 疫情 图 没事
密歇根事件发生了！川宝还没输！ 快进入剧情高潮期啊，漂亮国的内战！,密歇根事件发生了川宝还没输 快进入剧情高潮期啊漂亮国的内战,密歇根 事件 发生 了 川宝 还 没输   快 进入 剧情 高潮期 啊 漂亮 国 的 内战,密歇根 事件 发生 川宝 没输 快 剧情 高潮期 漂亮 国 内战
全球传媒业即将迎来业绩清零之沉重打击。[热词系列_好家伙],全球传媒业即将迎来业绩清零之沉重打击热词系列好家伙,全球 传媒业 即将 迎来 业绩 清零 之 沉重打击 热词 系列 好家伙,全球 传媒业 迎来 业绩 清零 沉重打击 热词 系列 好家伙
我觉得可能有生之年都不会再遇到这么有趣的总统了[大哭][大哭],我觉得可能有生之年都不会再遇到这么有趣的总统了大哭大哭,我 觉得 可能 有生之年 都 不会 再 遇到 这么 有趣 的 总统 了 大哭 大哭,有生之年 有趣 总统 大哭 大哭
我怀疑这个视频早就提前做好了，就等着官宣后直接发布[doge],我怀疑这个视频早就提前做好了就等着官宣后直接发布doge,我 怀疑 这个 视频 早就 提前 做好 了 就 等 着 官 宣后 直接 发布 doge,怀疑 视频 早就 提前 做好 官 宣后 发布 doge
川宝这一下台，突然觉得以后没什么乐趣了哈哈哈哈，又要看一本正经的fake news了[喜极而泣][笑哭],川宝这一下台突然觉得以后没什么乐趣了哈又要看一本正经的fake news了喜极而泣笑哭,川宝 这一下 台 突然 觉得 以后 没什么 乐趣 了 哈 又 要 看 一本正经 的 fake   news 了 喜极而泣 笑 哭,川宝 这一下 台 没什么 乐趣 一本正经 fake news 喜极而泣 笑 哭
永失我川,永失我川,永失 我川,永失 我川
假如你是李华，你最好的朋友唐纳德·特朗普在美国大选中不幸失败，没有连任总统。他现在非常伤心，请你写一封信安慰他。 要点： 1.字数不少于120字。 2.鼓励你的好朋友振作起来，下次努力。 （开头和结尾已给出，不计入总字数） Dear Trump:,假如你是李华你最好的朋友唐纳德特朗普在美国大选中不幸失败没有连任总统他现在非常伤心请你写一封信安慰他 要点 1字数不少于120字 2鼓励你的好朋友振作起来下次努力 开头和结尾已给出不计入总字数 Dear Trump,假如 你 是 李华 你 最好 的 朋友 唐纳德 特朗普 在 美国 大选 中 不幸 失败 没有 连任 总统 他 现在 非常 伤心 请 你 写 一封信 安慰 他   要点   1 字数 不少 于 120 字   2 鼓励 你 的 好 朋友 振作起来 下次 努力   开头 和 结尾 已 给出 不 计入 总 字数   Dear   Trump,李华 朋友 唐纳德 特朗普 美国 大选 中 不幸 失败 连任 总统 伤心 请 写 一封信 安慰 要点 字数 120 字 鼓励 朋友 振作起来 下次 努力 开头 结尾 给出 计入 总 字数 Dear Trump
川宝[大哭]我的川宝 川宝[大哭]我的川宝 川宝[大哭]我的川宝 川宝[大哭]我的川宝 川宝[大哭]我的川宝 川宝[大哭]我的川宝 川宝[大哭]我的川宝 川宝[大哭]我的川宝 川宝[大哭]我的川宝 川宝[大哭]我的川宝 川宝[大哭]我的川宝 川宝[大哭]我的川宝 川宝[大哭]我的川宝 川宝[大哭]我的川宝 川宝[大哭]我的川宝 川宝[大哭]我的川宝 川宝[大哭]我的川宝 川宝[大哭]我的川宝 川宝[大哭]我的川宝 川宝[大哭]我的川宝,川宝大哭我的川宝 川宝大哭我的川宝 川宝大哭我的川宝 川宝大哭我的川宝 川宝大哭我的川宝 川宝大哭我的川宝 川宝大哭我的川宝 川宝大哭我的川宝 川宝大哭我的川宝 川宝大哭我的川宝 川宝大哭我的川宝 川宝大哭我的川宝 川宝大哭我的川宝 川宝大哭我的川宝 川宝大哭我的川宝 川宝大哭我的川宝 川宝大哭我的川宝 川宝大哭我的川宝 川宝大哭我的川宝 川宝大哭我的川宝,川宝 大哭 我 的 川宝   川宝 大哭 我 的 川宝   川宝 大哭 我 的 川宝   川宝 大哭 我 的 川宝   川宝 大哭 我 的 川宝   川宝 大哭 我 的 川宝   川宝 大哭 我 的 川宝   川宝 大哭 我 的 川宝   川宝 大哭 我 的 川宝   川宝 大哭 我 的 川宝   川宝 大哭 我 的 川宝   川宝 大哭 我 的 川宝   川宝 大哭 我 的 川宝   川宝 大哭 我 的 川宝   川宝 大哭 我 的 川宝   川宝 大哭 我 的 川宝   川宝 大哭 我 的 川宝   川宝 大哭 我 的 川宝   川宝 大哭 我 的 川宝   川宝 大哭 我 的 川宝,川宝 大哭 川宝 川宝 大哭 川宝 川宝 大哭 川宝 川宝 大哭 川宝 川宝 大哭 川宝 川宝 大哭 川宝 川宝 大哭 川宝 川宝 大哭 川宝 川宝 大哭 川宝 川宝 大哭 川宝 川宝 大哭 川宝 川宝 大哭 川宝 川宝 大哭 川宝 川宝 大哭 川宝 川宝 大哭 川宝 川宝 大哭 川宝 川宝 大哭 川宝 川宝 大哭 川宝 川宝 大哭 川宝 川宝 大哭 川宝
我叫拜登 我叫川普 我七十七 我七十五 我属鸡 我属虎 我代表共和 我代表民主,我叫拜登 我叫川普 我七十七 我七十五 我属鸡 我属虎 我代表共和 我代表民主,我 叫 拜登   我 叫川普   我 七十七   我 七十五   我 属鸡   我 属 虎   我 代表 共和   我 代表 民主,拜登 叫川普 七十七 七十五 属鸡 属 虎 代表 共和 代表 民主
再见（x） 欢迎回家（✓）,再见x 欢迎回家,再见 x   欢迎 回家,再见 x 回家
艹，公知要卷土重来，川普把公知的钱断了，拜登又要发钱了！大家看到公知，建一个，打一个！,艹公知要卷土重来川普把公知的钱断了拜登又要发钱了大家看到公知建一个打一个,艹 公知 要 卷土重来 川普 把 公知 的 钱断 了 拜登 又 要 发钱 了 大家 看到 公知建 一个打 一个,艹 公知 卷土重来 川普 公知 钱断 拜登 发钱 公知建 一个打
伟大美利坚竟容不下两个总统？？[doge],伟大美利坚竟容不下两个总统doge,伟大 美利坚 竟 容不下 两个 总统 doge,美利坚 竟 容不下 两个 总统 doge
安倍:哟，特朗普先生，您好您好您好，有什么能够帮到您 特朗普:我要说的事，你们千万别害怕 安倍:我们是总统，我们不会怕，您请说 特朗普:就在刚才，拜登获选了 (战术后仰) 安倍:额……拜登是哪位？ 特朗普:不是哪位，是民主党像猪一样边睡边演讲的拜登 奥巴马:画出蓬佩奥 特朗普:不是猪只是像猪 奥巴马:画出希拉里 特朗普:不是女的是个老头 奥巴马:画出特朗普 特朗普:这？ 安倍:画出小泉纯一郎 特朗普:拜登啊！大选有没有看？就是那个78岁喜欢戴口罩说话都没力气的拜登啊，明白吗 安倍:明白了，您继续说 特朗普:他疯狂得针对我，说我离谱，试问谁不知道啊，然后邮寄选票，就在宾夕法尼亚那里，全部都是阴兵票，还有黑命贵，黑命贵！选票那么多，直接投拜登，警察拿起枪，然后打光子弹，蹦的一下，然后滨州就变蓝了，我就像人…… 奥巴马:噗…… 特朗普:你在笑什么 奥巴马:我想起高兴的事情 特朗普:什么高兴的事 奥巴马:我当了8年美国总统 安倍:噗哈哈 特朗普:你又在笑什么 安倍:我也当了8年日本首相 特朗普:所以……你们都连任了？ 安倍奥巴马:对对对……， 安倍:不，我是主动辞职 特朗普:我在重申一遍，我没在开玩笑！ 奥巴马:对对……哈哈 特朗普:喂！！！！ 安倍:额，我们言归正传，那个，您刚才说的这个拜登，他厉害吗 特朗普:他不是厉不厉害的问题，他真的是那种，那种很少见的那种，他边演讲边做梦，喜欢戴口罩，左手黑命贵，右手阴兵票，搞偷袭，遗憾的是变蓝的速度太快，我半夜4点睡觉没来得及发推就落选了。 奥巴马:噗哈哈 特朗普:你欺人太甚我忍你很久了！ 奥巴马:我当了8年美国总统 特朗普:你明明在笑我，你都没停过！ 奥巴马:川建国，我们受过严格的训练，无论多好笑我们都不会笑，除非忍不住 安倍:不如这样，川宝，你先带人去法院闹，我们这边红脖子枪到位了就出发。 特朗普:行，你们赶紧闹事，很危险的多带点人！ 房间:哈哈哈哈哈哈哈哈哈哈哈 特朗普:？？？？ (川建国还需要解雇福奇吗) 房间:哈哈哈哈哈哈哈哈哈哈哈 特朗普:？？？？ (要不把口罩带上？),安倍哟特朗普先生您好您好您好有什么能够帮到您 特朗普我要说的事你们千万别害怕 安倍我们是总统我们不会怕您请说 特朗普就在刚才拜登获选了 战术后仰 安倍额拜登是哪位 特朗普不是哪位是民主党像猪一样边睡边演讲的拜登 奥巴马画出蓬佩奥 特朗普不是猪只是像猪 奥巴马画出希拉里 特朗普不是女的是个老头 奥巴马画出特朗普 特朗普这 安倍画出小泉纯一郎 特朗普拜登啊大选有没有看就是那个78岁喜欢戴口罩说话都没力气的拜登啊明白吗 安倍明白了您继续说 特朗普他疯狂得针对我说我离谱试问谁不知道啊然后邮寄选票就在宾夕法尼亚那里全部都是阴兵票还有黑命贵黑命贵选票那么多直接投拜登警察拿起枪然后打光子弹蹦的一下然后滨州就变蓝了我就像人 奥巴马噗 特朗普你在笑什么 奥巴马我想起高兴的事情 特朗普什么高兴的事 奥巴马我当了8年美国总统 安倍噗哈 特朗普你又在笑什么 安倍我也当了8年日本首相 特朗普所以你们都连任了 安倍奥巴马对 安倍不我是主动辞职 特朗普我在重申一遍我没在开玩笑 奥巴马对哈 特朗普喂 安倍额我们言归正传那个您刚才说的这个拜登他厉害吗 特朗普他不是厉不厉害的问题他真的是那种那种很少见的那种他边演讲边做梦喜欢戴口罩左手黑命贵右手阴兵票搞偷袭遗憾的是变蓝的速度太快我半夜4点睡觉没来得及发推就落选了 奥巴马噗哈 特朗普你欺人太甚我忍你很久了 奥巴马我当了8年美国总统 特朗普你明在笑我你都没停过 奥巴马川建国我们受过严格的训练无论多好笑我们都不会笑除非忍不住 安倍不如这样川宝你先带人去法院闹我们这边红脖子枪到位了就出发 特朗普行你们赶紧闹事很危险的多带点人 房间哈 特朗普 川建国还需要解雇福奇吗 房间哈 特朗普 要不把口罩带上,安倍 哟 特朗普 先生 您好 您好 您好 有 什么 能够 帮到 您   特朗普 我 要说 的 事 你们 千万别 害怕   安倍 我们 是 总统 我们 不会 怕 您 请 说   特朗普 就 在 刚才 拜登 获选 了   战术 后仰   安倍 额 拜登 是 哪位   特朗普 不是 哪位 是 民主党 像 猪 一样 边 睡边 演讲 的 拜登   奥巴马 画出 蓬佩奥   特朗普 不是 猪 只是 像 猪   奥巴马 画出 希拉里   特朗普 不是 女 的 是 个 老头   奥巴马 画出 特朗普   特朗普 这   安倍 画出 小泉 纯一 郎   特朗普 拜登 啊 大选 有没有 看 就是 那个 78 岁 喜欢 戴 口罩 说话 都 没 力气 的 拜登 啊 明白 吗   安倍 明白 了 您 继续 说   特朗普 他 疯狂 得 针对 我 说 我 离谱 试问 谁 不 知道 啊 然后 邮寄 选票 就 在 宾夕法尼亚 那里 全部都是 阴兵 票 还有 黑命贵 黑命贵 选票 那么 多 直接 投 拜登 警察 拿 起枪 然后 打光 子弹 蹦 的 一下 然后 滨州 就 变 蓝 了 我 就 像 人   奥巴马 噗   特朗普 你 在 笑 什么   奥巴马 我 想起 高兴 的 事情   特朗普 什么 高兴 的 事   奥巴马 我 当 了 8 年 美国 总统   安倍 噗哈   特朗普 你 又 在 笑 什么   安倍 我 也 当 了 8 年 日本首相   特朗普 所以 你们 都 连任 了   安倍 奥巴马 对   安倍 不 我 是 主动 辞职   特朗普 我 在 重申 一遍 我 没 在 开玩笑   奥巴马 对哈   特朗普 喂   安倍 额 我们 言归正传 那个 您 刚才 说 的 这个 拜登 他 厉害 吗   特朗普 他 不是 厉不 厉害 的 问题 他 真的 是 那种 那种 很少 见 的 那种 他边 演讲 边 做梦 喜欢 戴 口罩 左手 黑命贵 右手 阴兵 票 搞 偷袭 遗憾 的 是 变 蓝 的 速度 太快 我 半夜 4 点 睡觉 没 来得及 发推 就 落选 了   奥巴马 噗哈   特朗普 你 欺人太甚 我忍 你 很 久 了   奥巴马 我 当 了 8 年 美国 总统   特朗普 你明 在 笑 我 你 都 没 停过   奥巴马 川 建国 我们 受过 严格 的 训练 无论 多 好笑 我们 都 不会 笑 除非 忍不住   安倍 不如 这样 川宝 你 先带 人 去 法院 闹 我们 这边 红 脖子 枪 到位 了 就 出发   特朗普 行 你们 赶紧 闹事 很 危险 的 多 带点 人   房间 哈   特朗普   川 建国 还 需要 解雇 福奇 吗   房间 哈   特朗普   要 不 把 口罩 带上,安倍 特朗普 您好 您好 您好 帮到 特朗普 要说 事 千万别 害怕 安倍 总统 怕 请 说 特朗普 拜登 获选 战术 后仰 安倍 额 拜登 哪位 特朗普 哪位 民主党 猪 睡边 演讲 拜登 奥巴马 画出 蓬佩奥 特朗普 猪 猪 奥巴马 画出 希拉里 特朗普 女 老头 奥巴马 画出 特朗普 特朗普 安倍 画出 小泉 纯一 郎 特朗普 拜登 大选 有没有 78 岁 喜欢 戴 口罩 说话 没 力气 拜登 明白 安倍 明白 说 特朗普 疯狂 说 离谱 试问 邮寄 选票 宾夕法尼亚 全部都是 阴兵 票 黑命贵 黑命贵 选票 投 拜登 警察 起枪 打光 子弹 蹦 滨州 变 蓝 奥巴马 噗 特朗普 笑 奥巴马 想起 事情 特朗普 事 奥巴马 年 美国 总统 安倍 噗哈 特朗普 笑 安倍 年 日本首相 特朗普 连任 安倍 奥巴马 安倍 主动 辞职 特朗普 重申 一遍 没 开玩笑 奥巴马 对哈 特朗普 安倍 额 言归正传 说 拜登 厉害 特朗普 厉不 厉害 真的 那种 那种 见 那种 他边 演讲 做梦 喜欢 戴 口罩 左手 黑命贵 右手 阴兵 票 搞 偷袭 遗憾 变 蓝 速度 太快 半夜 点 睡觉 没 发推 落选 奥巴马 噗哈 特朗普 欺人太甚 我忍 久 奥巴马 年 美国 总统 特朗普 你明 笑 没 停过 奥巴马 川 建国 受过 训练 好笑 笑 忍不住 安倍 川宝 先带 法院 闹 红 脖子 枪 到位 出发 特朗普 行 赶紧 闹事 危险 带点 房间 特朗普 川 建国 解雇 福奇 房间 特朗普 口罩 带上
fake news！一切以新华社通稿为准[doge][doge][doge],fake news一切以新华社通稿为准dogedogedoge,fake   news 一切 以 新华社 通稿 为准 dogedogedoge,fake news 新华社 通稿 为准 dogedogedoge
我的邻居是个奇怪的人，一个金发的外国人，却说着流利的普通话。他的出现和消失都是个迷。我至今都忘不了他。 那天，我隔壁空房里突然传来了手风琴的声音，推门进去，一个金发的中年男子坐在角落弹奏，身形瘦削，背有些微弓，但看得出他尽力坐的笔直，一副金框的眼镜有些格格不入。我有些尴尬，他却彬彬有礼跟我点头致意说弹的不好请见谅。待他一曲奏完，他起身倒了杯水端给入神的我，说他叫老唐。 老唐从不提起他的身世，我们也曾怀疑过他是间谍之类，但是居委会王阿姨却告诉我们，他有党籍。我那时还小，平时放学经常去听老唐拉手风琴，老唐每次都起身给我拿吃的，整整我胸前的红领巾，再继续演奏。 印象最深的是有一天，楼上李奶奶买菜回来发现家着火了，李奶奶在门口又急又惊，说自己的猫还在屋里。老唐听罢，拎起灭火器冲了进去。他出来的时候，手和脸已经被熏的乌黑，连眼镜都黑了，怀里抱着奄奄一息的小猫。我只记得那天消防员叔叔把楼上喷的满是泡沫，还有老唐突然变黑的脸。后来老唐从医院回来了，但是他的皮肤变的蜡黄，只有眼镜遮挡的部分还是原来的肤色。我当时还笑他是熊猫。  他消失那天是个秋天。我记得有一天我又去他家听他演奏，但是一进门就发现他没戴眼镜，因为他的熊猫眼格外显眼。那天我吃面包把碎屑掉在了红领巾上，他笑着摇摇头，整理好我的红领巾，突然严肃地说，答应我，不要对不起红领巾。我愣住了，他又恢复了微笑，说了句“我也是”。他开始背对着我拉着琴，有一丝微微颤抖。窗边落叶飘进来一片，他捡起来小心放进琴盒里，却又摇了摇头把它拿出来，轻轻丢出窗外。后来发生什么，我记不起了。 后来，我再也没见过他，连居委会王阿姨都不知道他去了哪里。,我的邻居是个奇怪的人一个金发的外国人却说着流利的普通话他的出现和消失都是个迷我至今都忘不了他 那天我隔壁空房里突然传来了手风琴的声音推门进去一个金发的中年男子坐在角落弹奏身形瘦削背有些微弓但看得出他尽力坐的笔直一副金框的眼镜有些格不入我有些尴尬他却彬有礼跟我点头致意说弹的不好请见谅待他一曲奏完他起身倒了杯水端给入神的我说他叫老唐 老唐从不提起他的身世我们也曾怀疑过他是间谍之类但是居委会王阿姨却告诉我们他有党籍我那时还小平时放学经常去听老唐拉手风琴老唐每次都起身给我拿吃的整我胸前的红领巾再继续演奏 印象最深的是有一天楼上李奶买菜回来发现家着火了李奶在门口又急又惊说自己的猫还在屋里老唐听罢拎起灭火器冲了进去他出来的时候手和脸已经被熏的乌黑连眼镜都黑了怀里抱着奄一息的小猫我只记得那天消防员叔把楼上喷的满是泡沫还有老唐突然变黑的脸后来老唐从医院回来了但是他的皮肤变的蜡黄只有眼镜遮挡的部分还是原来的肤色我当时还笑他是熊猫 他消失那天是个秋天我记得有一天我又去他家听他演奏但是一进门就发现他没戴眼镜因为他的熊猫眼格外显眼那天我吃面包把碎屑掉在了红领巾上他笑着摇头整理好我的红领巾突然严肃地说答应我不要对不起红领巾我愣住了他又恢复了微笑说了句我也是他开始背对着我拉着琴有一丝微颤抖窗边落叶飘进来一片他捡起来小心放进琴盒里却又摇了摇头把它拿出来轻丢出窗外后来发生什么我记不起了 后来我再也没见过他连居委会王阿姨都不知道他去了哪里,我 的 邻居 是 个 奇怪 的 人 一个 金发 的 外国人 却说 着 流利 的 普通话 他 的 出现 和 消失 都 是 个 迷 我 至今 都 忘不了 他   那天 我 隔壁 空 房里 突然 传来 了 手风琴 的 声音 推 门 进去 一个 金发 的 中年男子 坐在 角落 弹奏 身形 瘦削 背 有些 微弓 但 看得出 他 尽力 坐 的 笔直 一副 金框 的 眼镜 有些 格不入 我 有些 尴尬 他 却 彬 有 礼 跟 我 点头 致意 说弹 的 不好 请 见谅 待 他 一曲 奏 完 他 起身 倒 了 杯水 端 给 入神 的 我 说 他 叫 老唐   老唐 从不 提起 他 的 身世 我们 也 曾 怀疑 过 他 是 间谍 之类 但是 居委会 王 阿姨 却 告诉 我们 他 有 党籍 我 那时 还 小 平时 放学 经常 去 听 老 唐拉 手风琴 老唐 每次 都 起身 给 我 拿 吃 的 整 我 胸前 的 红领巾 再 继续 演奏   印象 最深 的 是 有 一天 楼上 李奶 买菜 回来 发现 家 着火 了 李奶 在 门口 又 急 又 惊 说 自己 的 猫 还 在 屋里 老唐 听罢 拎 起 灭火器 冲 了 进去 他 出来 的 时候 手 和 脸 已经 被 熏 的 乌黑 连 眼镜 都 黑 了 怀里 抱 着 奄 一息 的 小猫 我 只 记得 那天 消防员 叔 把 楼上 喷 的 满 是 泡沫 还有 老唐 突然 变黑 的 脸 后来 老唐 从 医院 回来 了 但是 他 的 皮肤 变 的 蜡黄 只有 眼镜 遮挡 的 部分 还是 原来 的 肤色 我 当时 还 笑 他 是 熊猫   他 消失 那天 是 个 秋天 我 记得 有 一天 我 又 去 他家 听 他 演奏 但是 一 进门 就 发现 他 没 戴眼镜 因为 他 的 熊猫眼 格外 显眼 那天 我 吃 面包 把 碎屑 掉 在 了 红领巾 上 他 笑 着 摇头 整理 好 我 的 红领巾 突然 严肃 地说 答应 我 不要 对不起 红领巾 我 愣住 了 他 又 恢复 了 微笑 说 了 句 我 也 是 他 开始 背对着 我拉着 琴 有 一丝 微 颤抖 窗边 落叶 飘 进来 一片 他 捡起来 小心 放进 琴 盒里 却 又 摇 了 摇头 把 它 拿 出来 轻 丢 出 窗外 后来 发生 什么 我 记不起 了   后来 我 再也 没见 过 他 连 居委会 王 阿姨 都 不 知道 他 去 了 哪里,邻居 奇怪 金发 外国人 却说 流利 普通话 消失 迷 忘不了 那天 隔壁 空 房里 传来 手风琴 声音 推 门 金发 中年男子 坐在 角落 弹奏 身形 瘦削 背 微弓 看得出 尽力 坐 笔直 一副 金框 眼镜 格不入 尴尬 彬 礼 点头 致意 说弹 不好 请 见谅 一曲 奏 完 起身 倒 杯水 端 入神 说 老唐 老唐 提起 身世 怀疑 间谍 居委会 王 阿姨 告诉 党籍 平时 放学 听 老 唐拉 手风琴 老唐 每次 起身 吃 整 胸前 红领巾 演奏 印象 最深 楼上 李奶 买菜 回来 发现 家 着火 李奶 门口 急 惊 说 猫 屋里 老唐 听罢 拎 灭火器 手 脸 熏 乌黑 眼镜 黑 怀里 抱 奄 一息 小猫 记得 那天 消防员 叔 楼上 喷 满 泡沫 老唐 变黑 脸 老唐 医院 回来 皮肤 变 蜡黄 眼镜 遮挡 肤色 笑 熊猫 消失 那天 秋天 记得 他家 听 演奏 进门 发现 没 戴眼镜 熊猫眼 显眼 那天 吃 面包 碎屑 掉 红领巾 笑 摇头 整理 红领巾 严肃 地说 答应 对不起 红领巾 愣住 恢复 微笑 说 句 背对着 我拉着 琴 一丝 微 颤抖 窗边 落叶 飘 捡起来 小心 放进 琴 盒里 摇 摇头 轻 丢 出 窗外 发生 记不起 再也 没见 居委会 王 阿姨
从此美国再也没有一位总统，像他一样，三句不离“China”，[热词系列_泪目],从此美国再也没有一位总统像他一样三句不离China热词系列泪目,从此 美国 再也 没有 一位 总统 像 他 一样 三句不离 China 热词 系列 泪目,美国 再也 一位 总统 三句不离 China 热词 系列 泪目
泪目，美国没了他就不在伟大了,泪目美国没了他就不在伟大了,泪目 美国 没 了 他 就 不 在 伟大 了,泪目 美国 没
不会吧 可别真的有nt认为拜登任职是件好事 川普 令整个美国针对我们  拜登 会令整个世界针对我们,不会吧 可别真的有nt认为拜登任职是件好事 川普 令整个美国针对我们 拜登 会令整个世界针对我们,不会 吧   可 别 真的 有 nt 认为 拜登 任职 是 件 好事   川普   令 整个 美国 针对 我们   拜登   会令 整个 世界 针对 我们,真的 nt 拜登 任职 件 好事 川普 令 美国 拜登 会令 世界
川宝打破了中国人对美国野心狼的仅存幻想，核心的东西不能买来的，要靠自己握在手里，拜登那都是笑里藏刀，我觉得还是川宝好,川宝打破了中国人对美国野心狼的仅存幻想核心的东西不能买来的要靠自己握在手里拜登那都是笑里藏刀我觉得还是川宝好,川宝 打破 了 中国 人 对 美国 野心 狼 的 仅存 幻想 核心 的 东西 不能 买来 的 要 靠 自己 握 在 手里 拜登 那 都 是 笑里藏刀 我 觉得 还是 川宝 好,川宝 打破 中国 美国 野心 狼 仅存 幻想 核心 东西 买来 握 手里 拜登 笑里藏刀 川宝
公知和精美要复活了，大行其道了,公知和精美要复活了大行其道了,公知 和 精美 要 复活 了 大行其道 了,公知 精美 复活 大行其道
再见，川宝！妈妈永远爱你！,再见川宝妈永远爱你,再见 川宝妈 永远 爱 你,再见 川宝妈 永远 爱
